{"cameraMode":{"drawMode":0,"name":"Shaded","section":"Shading Mode"},"sceneLighting":true,"audioPlay":false,"sceneViewState":{"m_AlwaysRefresh":false,"showFog":true,"showSkybox":true,"showFlares":true,"showImageEffects":true,"showParticleSystems":true,"showVisualEffectGraphs":true,"m_FxEnabled":true},"in2DMode":false,"pivot":{"x":-5.364418029785156e-7,"y":0.7395867109298706,"z":0.012282207608222962},"rotation":{"x":0.0661374107003212,"y":0.9251081943511963,"z":-0.18994008004665376,"w":0.3221677839756012},"size":10.045392990112305,"orthographic":false}